'Page number,'Layout,'Text,'Reading Order,'Confidence score % (Layout)
'1,'Title 1,"'Laws of the Seven Kingdoms",'0,'59.47265625
'1,'List 1,"",'1,'97.94921875
'1,'Text 1 - Part of List 1,"'1. Peace",'2,'89.64843750
'1,'Text 2 - Part of List 1,"'1.1. The law requires petty lords and landed knights to take their disputes to their liege lord, and abide by his judgment, while disputes between great houses were adjudicated by the Crown.",'3,'97.46093750
'1,'Text 3 - Part of List 1,"'2. Religion",'4,'92.52929688
'1,'Text 4 - Part of List 1,"'2.1. king Maegor raised a set of laws which forbade holy men from carrying arms",'5,'95.06835938
'1,'Text 5 - Part of List 1,"'3. Widows",'6,'94.33593750
'1,'Text 6 - Part of List 1,"'3.1. The Widow's Law reaffirms the right of the eldest son (or eldest daughter, if there are no sons) to inherit.",'7,'94.43359375
'1,'Text 7 - Part of List 1,"'3.1.1. However, the law requires the heirs to maintain their father's surviving widow, no matter whether she had been a second, third, or even later wife, under the same conditions as she had been before her husband's death.",'8,'96.09375000
'1,'Text 8 - Part of List 1,"'3.1.2. The widows could no longer be driven from their late husband's castle, deprived of her servants or possessions, or her income.",'9,'95.01953125
'1,'Text 9 - Part of List 1,"'3.1.3. The law similarly prevented men from disinheriting the children from an earlier marriage in favor of children from a later marriage",'10,'94.72656250
'1,'Text 10 - Part of List 1,"'4. Trials",'11,'74.16992188
'1,'Text 11 - Part of List 1,"'4.1. Trials of the Crown",'12,'85.79101563
'1,'Text 12 - Part of List 1,"'4.1.1. Trials, at least among the nobility, often begin with a prayer from a septon beseeching the Father Above to guide them towards justice. The accused and witnesses are sworn to honesty before he gives testimony at a trial. The accused is allowed to be present as witnesses give their testimony, in front of one or multiple judges.",'13,'95.99609375
'1,'Text 13 - Part of List 1,"'4.2. Trials by combat",'14,'92.43164063
'1,'Text 14 - Part of List 1,"'4.2.1. Any knight accused of wrongdoing is allowed by law to demand a trial by combat. The right to a trial by combat also extends to nobles who are not knighted.",'15,'95.50781250
'1,'Text 15 - Part of List 1,"'4.2.2. The accused and accusers are allowed to have champions fight in their place. When a person is killed in a trial by combat, by law it is not considered murder.",'16,'94.87304688
'1,'Text 16 - Part of List 1,"'4.2.3. A more ancient custom, though seldom used, is a trial of seven, in which seven men fight on the side of the accusing party, and seven on the side of the accused party",'17,'94.53125000
'1,'Text 17 - Part of List 1,"'4.2.4. When the person who stands accused is royalty, their champion has to be a knight of the Kingsguard. When the accuser is royalty, however, they are within their rights to select a champion who is not a sworn member of the Kingsguard.",'18,'94.97070313
'1,'Text 18 - Part of List 1,"'5. Taxes",'19,'46.97265625
'1,'Text 19,"'5.1. In the Seven Kingdoms, taxes are collected locally.",'20,'73.73046875
'1,'Text 20,"'5.1.1. Lords pay taxes to the crown.",'21,'84.32617188
'2,'List 2,"",'22,'91.25976563
'2,'Text 21 - Part of List 2,"'5.1.2. The Great Houses gather the taxes from their region.",'23,'98.09570313
'2,'Text 22 - Part of List 2,"'5.1.2.1. The Great Houses subsequently pay their taxes to the Crown. An exception are taxes owed to the Night's Watch by the villages and holdfasts located in the New Gift which are paid in kind, not in gold.",'24,'98.29101563
'2,'Text 23 - Part of List 2,"'5.2. Lords can have treasurers in their service to handle the incoming taxes.",'25,'96.43554688
'2,'Text 24 - Part of List 2,"'6. Thievery",'26,'90.33203125
'2,'Text 25 - Part of List 2,"'6.1. It is customary for a thief to be punished by losing a finger or a hand.",'27,'96.53320313
'2,'Text 26 - Part of List 2,"'6.2. Pickpockets can likewise be punished by cutting off a hand.",'28,'95.45898438
'2,'Text 27 - Part of List 2,"'6.3. Those who steal from a sept can be considered to have stolen from the gods, and thus receive a harsher punishment.",'29,'96.24023438
'2,'Text 28 - Part of List 2,"'7. Poaching",'30,'86.23046875
'2,'Text 29 - Part of List 2,"'7.1. Poaching is forbidden. Lords are generally not tolerant towards poachers and punishments for poaching can include being forced to join the Night's Watch, losing a hand, or being forced to row ships.",'31,'96.24023438
'2,'Text 30 - Part of List 2,"'8. Outlawry",'32,'80.41992188
'2,'Text 31 - Part of List 2,"'8.1. Outlaws are generally sentenced to death by hanging.",'33,'95.41015625
'2,'Text 32 - Part of List 2,"'9. Slavery",'34,'72.41210938
'2,'Text 33 - Part of List 2,"'9.1. Slavery is illegal in the Seven Kingdoms.",'35,'85.15625000
'2,'Text 34 - Part of List 2,"'9.1.1. Both the old gods and the Faith of the Seven consider slavery to be an abomination, and as such, there have been no slaves in the Seven Kingdoms for thousands of years",'36,'94.18945313
'2,'Text 35 - Part of List 2,"'9.1.2. The punishment for selling people in the Seven Kingdoms is execution",'37,'89.50195313
'2,'Text 36 - Part of List 2,"'10. Watch",'38,'59.57031250
'2,'Text 37 - Part of List 2,"'10.1. An alternative for most punishments is joining the Night's Watch.",'39,'74.60937500
'2,'Text 38 - Part of List 2,"'10.1.1. Debtors, poachers, thieves, and murderers are among those who might be forced to join the black brothers on the Wall.",'40,'84.71679688
'2,'Text 39 - Part of List 2,"'10.1.1.1. Men of the Night's Watch are required to swear a vow, by which means their crimes are washed away and all debts are forgiven.",'41,'93.26171875
'2,'Text 40 - Part of List 2,"'10.1.1.2. Breaking the oath made to the Night's Watch is punishable by death.",'42,'94.58007813
'2,'Text 41 - Part of List 2,"'10.1.1.3. Refusing orders made by the Lord Commander of the Night's Watch can also be punishable by death.",'43,'94.92187500
'2,'Text 42 - Part of List 2,"'10.1.1.4. Women are not allowed to join the Night's Watch.",'44,'93.31054688
'2,'Text 43 - Part of List 2,"'11. Baking",'45,'54.49218750
'2,'Text 44 - Part of List 2,"'11.1. A baker who mixes sawdust in his flour, might be fined. If such a fine cannot be paid, he might be whipped instead.",'46,'91.79687500
'2,'Section header 1,"'Citations:",'47,'61.13281250
'2,'Text 45,"'https://scholarcommons.sc.edu/cgi/viewcontent.cgi?article=4273&context=scl https://awoiaf.westeros.org/index.php/Laws and justice of the Seven Kingdoms https://gameofthrones.fandom.com/wiki/Laws and customs",'48,'87.35351563
